{"arrival": {"mean_arrival_time": "11:48:36.800000", "median_arrival_time": "11:44:32", "min_arrival_time": "9:30:53", "max_arrival_time": "13:44:33", "stdev_arrival_time": "0:58:49.055511"}, "departure": {"mean_departure_time": "18:47:25.020000", "median_departure_time": "18:26:26.500000", "min_departure_time": "16:29:16", "max_departure_time": "22:12:40", "stdev_departure_time": "1:15:39.089208"}, "rest": {"mean_rest_duration": 9.051810344827587, "median_rest_duration": 2.0, "stdev_rest_duration": 23.565601244269235, "min_rest_duration": 0.0, "max_rest_duration": 296.22, "mean_daily_rest_sec": 275.4124590163934, "mean_daily_rest_h": 4.590207650273224, "median_daily_rest_sec": 289.37, "median_daily_rest_h": 4.8228333333333335, "stdev_daily_rest_sec": 158.4543489847653, "min_daily_rest_sec": 0.0, "max_daily_rest_sec": 789.9799999999998, "mean_means_rest_duration": 14.180157562479883, "median_rest_time_means": 8.742965669014083}, "walk": {"mean_walk_duration": 1.473468309859155, "median_walk_duration": 1.22, "stdev_walk_duration": 1.1332812907754055, "min_walk_duration": 0.5, "max_walk_duration": 11.88, "mean_daily_walk_sec": 41.16049180327869, "mean_daily_walk_h": 0.6860081967213115, "median_daily_walk_sec": 29.130000000000003, "median_daily_walk_h": 0.48550000000000004, "stdev_daily_walk_sec": 44.01368110887908, "min_daily_walk_sec": 0.57, "max_daily_walk_sec": 230.28000000000003, "mean_walk_freq": 27.934426229508198, "median_walk_freq": 19, "stdev_walk_freq": 28.71403190802888, "min_walk_freq": 1, "max_walk_freq": 147}, "driving": {"mean_driving_duration": 1.2728509719222463, "median_driving_duration": 1.05, "stdev_driving_duration": 0.8631286048817236, "min_driving_duration": 0.5, "max_driving_duration": 6.63, "mean_daily_driving_sec": 9.661147540983606, "median_daily_driving_sec": 6.02, "stdev_daily_driving_sec": 10.871823075939727, "min_daily_driving_sec": 0, "max_daily_driving_sec": 64.45000000000002, "mean_driving_freq": 7.590163934426229, "median_driving_freq": 5, "stdev_driving_freq": 9.668466009283872, "min_driving_freq": 0, "max_driving_freq": 57}}